Workbook

Sheet Resumo
B1: FPE · Proposta de nova fórmula com fundo de compensação
B2: Simulação para 2027. Percentuais = fatia de cada UF no Fundo de Participação dos Estados. Todas as células são fórmulas ligadas às abas seguintes; para testar outros valores, altere a aba Parâmetros.
B4: AS REGRAS DA PROPOSTA
B5: 1. Fórmula | C5: ="Mesma fórmula da LC 143/2013 (VR "&TEXT(VR,"0%")&", população entre "&FIXED(PISO_POP*100,1)&"%"&" e "&TEXT(TETO_POP,"0%")&", mínimo "&FIXED(COEF_MIN*100,1)&"%"&"), com uma mudança: o redutor de renda corta só o fator renda, e não mais o fator população. Todo o FPE passa a ser repartido por ela." -> Mesma fórmula da LC 143/2013 (VR 72%, população entre 1.2% e 7%, mínimo 0.5%), com uma mudança: o redutor de renda corta só o fator renda, e não mais o fator população. Todo o FPE passa a ser repartido por ela.
B6: 2. Perda máxima | C6: ="Nenhuma UF recebe menos que "&TEXT(1-PERDA_MAX,"0%")&" do que receberia em 2027 pela regra atual. Quem perderia mais é completado pelo fundo." -> Nenhuma UF recebe menos que 95% do que receberia em 2027 pela regra atual. Quem perderia mais é completado pelo fundo.
B7: 3. UFs pequenas | C7: ="UFs com menos de "&FIXED(POP_PEQ/1000000,1)&" milhões de habitantes não perdem nada (perda máxima de "&TEXT(PERDA_PEQ,"0%")&"): AC, AP, RO, RR, TO e SE. Justificativa: o custo fixo de manter a máquina estadual, a mesma lógica do piso populacional." -> UFs com menos de 2.5 milhões de habitantes não perdem nada (perda máxima de 0%): AC, AP, RO, RR, TO e SE. Justificativa: o custo fixo de manter a máquina estadual, a mesma lógica do piso populacional.
B8: 4. Ganho máximo | C8: ="Nenhuma UF ganha mais de "&TEXT(GANHO_MAX,"0%")&" sobre a regra atual. O que passar disso vai para o fundo, que paga os pisos das regras 2 e 3. O que sobrar no fundo volta a todas as UFs na proporção do que recebem." -> Nenhuma UF ganha mais de 10% sobre a regra atual. O que passar disso vai para o fundo, que paga os pisos das regras 2 e 3. O que sobrar no fundo volta a todas as UFs na proporção do que recebem.
B9: 5. O RS | C9: ="Não há regra específica para nenhuma UF. Pela fórmula nova o RS ganharia +"&TEXT(INDEX('3 Fundo'!G6:G32,MATCH("RS",'3 Fundo'!A6:A32,0)),"0%")&", bem acima do teto. Por isso chega ao teto, empatado com as outras UFs que mais ganham." -> Não há regra específica para nenhuma UF. Pela fórmula nova o RS ganharia +79%, bem acima do teto. Por isso chega ao teto, empatado com as outras UFs que mais ganham.
B11: RIO GRANDE DO SUL
C12: Participação no FPE | D12: Proposta × esta situação
B13: Regra atual (2027, ano cheio) | C13: =INDEX('4 Comparação'!D$6:D$32,MATCH("RS",'4 Comparação'!$A$6:$A$32,0)) -> 0.021338323 | D13: =INDEX('4 Comparação'!G$6:G$32,MATCH("RS",'4 Comparação'!$A$6:$A$32,0)) -> 0.10365611
B14: Se nada for aprovado (2º semestre/2027) | C14: =INDEX('4 Comparação'!E$6:E$32,MATCH("RS",'4 Comparação'!$A$6:$A$32,0)) -> 0.017335808 | D14: =INDEX('4 Comparação'!H$6:H$32,MATCH("RS",'4 Comparação'!$A$6:$A$32,0)) -> 0.35846976
B15: Fórmula nova, antes do fundo | C15: =INDEX('3 Fundo'!F$6:F$32,MATCH("RS",'3 Fundo'!$A$6:$A$32,0)) -> 0.038229818
B16: PROPOSTA (fórmula nova + fundo) | C16: =INDEX('4 Comparação'!F$6:F$32,MATCH("RS",'4 Comparação'!$A$6:$A$32,0)) -> 0.023550171
B18: TODAS AS UFs
B19: UFs que ganham | C19: =COUNTIF('4 Comparação'!I6:I32,"Ganha") -> 17
B20: UFs que mantêm | C20: =COUNTIF('4 Comparação'!I6:I32,"Mantém") -> 0
B21: UFs que perdem (no máximo 5%) | C21: =COUNTIF('4 Comparação'!I6:I32,"Perde") -> 10
B22: Ganho máximo antes da devolução (todas as UFs) | C22: =GANHO_MAX -> 0.1
B23: Tamanho do fundo (arrecadado, % do FPE) | C23: ='3 Fundo'!L33 -> 0.12117012
B24: Fatia do Norte, Nordeste e Centro-Oeste: regra atual → proposta | C24: ='4 Comparação'!D42 -> 0.84608595 | D24: ='4 Comparação'!F42 -> 0.83013182
B26: VIABILIDADE NO CONGRESSO (parlamentares da situação em UFs que não perdem)
C27: Votos da situação | D27: Necessário | E27: Atinge?
B28: Senado | C28: ='4 Comparação'!F47 -> 47 | D28: ='4 Comparação'!G47 -> 41 | E28: ='4 Comparação'!H47 -> Sim
B29: Câmara | C29: ='4 Comparação'!F48 -> 263 | D29: ='4 Comparação'!G48 -> 257 | E29: ='4 Comparação'!H48 -> Sim
B31: COMO LER A PLANILHA
B32: Parâmetros | C32: Todos os números que você pode mudar, com a fonte de cada um.
B33: Dados | C33: População, renda, coeficientes de 1989 e bancadas por UF.
B34: 1 Regra atual | C34: Passos 1 a 10: quanto cada UF recebe em 2027 hoje. É a referência.
B35: 2 Fórmula nova | C35: Passos 1 a 9 com a mudança no Passo 7 (redutor só no fator renda).
B36: 3 Fundo | C36: Passos 11 a 19: piso de perda, teto de ganho de 10% e devolução da sobra.
B37: 4 Comparação | C37: Regra atual × proposta por UF e por região, gráfico e contagem de votos.
B39: CUIDADOS
B40: [Provável] Os pesos de 64,43% (base fixa) e 35,57% (fórmula) em 2027 são estimativas deduzidas da tabela da SEFAZ/PE e dos boletins do Tesouro, não um número oficial.
B41: [Provável] A contagem de votos supõe que cada parlamentar vota pelo interesse do seu estado. MDB, PSD e PSDB estão no limite do corte de situação: se forem tratados como neutros, a contagem cai para 40 senadores e 214 deputados.
B42: [Certo] Como a sobra do fundo volta a todos, os limites são superados um pouco, sempre a favor das UFs: quem perde perde menos de 5%, as pequenas ganham um pouco e o teto de 10% sobe na mesma proporção. Ver Balanço do fundo na aba 3 Fundo.

Sheet Parâmetros
A1: Parâmetros da simulação
A2: Células em amarelo com texto azul podem ser alteradas: a planilha inteira recalcula. As demais são fórmulas.
B4: Parâmetro | C4: Valor | D4: Fonte / explicação
B5: A. Fórmula de cálculo (LC 62/1989, art. 2º, com a redação da LC 143/2013)
B6: Renda domiciliar per capita nacional (R$/mês) | C6: 2315.87 | D6: IBGE, PNAD Contínua 2025, conforme a planilha memoria_calculo_fpe-v3 (fornecida pelo usuário).
B7: Valor de referência do redutor (% da renda nacional) | C7: 0.72 | D7: LC 62/89, art. 2º, § 1º, III: 72% da renda domiciliar per capita nacional.
B8: Piso da fatia populacional | C8: 0.012 | D8: LC 62/89, art. 2º, III, a: limite inferior de 0,012.
B9: Teto da fatia populacional | C9: 0.07 | D9: LC 62/89, art. 2º, III, a: limite superior de 0,07.
B10: Coeficiente mínimo de cada UF | C10: 0.005 | D10: LC 62/89, art. 2º, § 1º, III: nenhuma entidade abaixo de 0,005.
B11: B. Como o FPE de 2027 é repartido pela regra atual
B12: Parcela do FPE repartida pelos coeficientes fixos de 1989 (base) | C12: 0.6443 | D12: Peso anual implícito deduzido da tabela da SEFAZ/PE e conferido com os boletins decendiais do Tesouro (out/2025–out/2026). É uma estimativa.
B13: Parcela do FPE repartida pela fórmula (excedente) | C13: =1-PESO_BASE -> 0.3557 | D13: Complemento da linha acima.
B14: C. Regras da proposta (fundo de compensação)
B15: Perda máxima de qualquer UF frente à regra atual | C15: 0.05 | D15: Regra 1: ninguém perde mais de 5% do que receberia pela regra atual em 2027.
B16: UF pequena: população abaixo de | C16: 2500000 | D16: Regra 2: atinge AC, AP, RO, RR, TO e SE (IBGE 2025).
B17: Perda máxima de UF pequena | C17: 0 | D17: Regra 2: UF pequena não perde nada.
B18: Ganho máximo das UFs frente à regra atual | C18: 0.1 | D18: Regra 4: o que a fórmula der acima de +10% vai para o fundo.
B19: D. Quóruns de lei complementar (CF, art. 69: maioria absoluta)
B20: Votos necessários no Senado | C20: 41 | D20: Maioria absoluta de 81 senadores.
B21: Votos necessários na Câmara | C21: 257 | D21: Maioria absoluta de 513 deputados.

Sheet Dados
A1: Dados de entrada por UF
A2: População e renda: IBGE 2025 (planilha memoria_calculo_fpe-v3). Coeficientes fixos: Anexo Único da LC 62/1989. Parlamentares: eleitos em out/2026 (documento fpe_congresso_2027 do projeto); "situação" segue Bolognesi, Ribeiro e Codato (DADOS, 2023): nota acima de 7,00.
A5: Sigla | B5: Estado | C5: Região | D5: População 2025 | E5: Renda domiciliar per capita 2025 (R$/mês) | F5: Coeficiente fixo LC 62/89 (Anexo Único) | G5: Senadores | H5: Senadores da situação | I5: Deputados | J5: Deputados da situação
A6: AC | B6: Acre | C6: Norte | D6: 884372 | E6: 1391.53 | F6: 0.03421 | G6: 3 | H6: 3 | I6: 8 | J6: 7
A7: AP | B7: Amapá | C7: Norte | D7: 806517 | E7: 1697.24 | F7: 0.03412 | G7: 3 | H7: 3 | I7: 8 | J7: 5
A8: AM | B8: Amazonas | C8: Norte | D8: 4321616 | E8: 1484.39 | F8: 0.027904 | G8: 3 | H8: 3 | I8: 8 | J8: 8
A9: PA | B9: Pará | C9: Norte | D9: 8711196 | E9: 1420 | F9: 0.06112 | G9: 3 | H9: 2 | I9: 17 | J9: 14
A10: RO | B10: Rondônia | C10: Norte | D10: 1751950 | E10: 1990.95 | F10: 0.028156 | G10: 3 | H10: 3 | I10: 8 | J10: 8
A11: RR | B11: Roraima | C11: Norte | D11: 738772 | E11: 1764 | F11: 0.024807 | G11: 3 | H11: 3 | I11: 8 | J11: 8
A12: TO | B12: Tocantins | C12: Norte | D12: 1586859 | E12: 2036.09 | F12: 0.0434 | G12: 3 | H12: 3 | I12: 8 | J12: 8
A13: AL | B13: Alagoas | C13: Nordeste | D13: 3220848 | E13: 1421.6 | F13: 0.041601 | G13: 3 | H13: 3 | I13: 9 | J13: 9
A14: BA | B14: Bahia | C14: Nordeste | D14: 14870907 | E14: 1465.2 | F14: 0.093962 | G14: 3 | H14: 1 | I14: 39 | J14: 24
A15: CE | B15: Ceará | C15: Nordeste | D15: 9268836 | E15: 1389.77 | F15: 0.073369 | G15: 3 | H15: 0 | I15: 22 | J15: 14
A16: MA | B16: Maranhão | C16: Nordeste | D16: 7018211 | E16: 1219.42 | F16: 0.072182 | G16: 3 | H16: 2 | I16: 18 | J16: 15
A17: PB | B17: Paraíba | C17: Nordeste | D17: 4164468 | E17: 1543.07 | F17: 0.047889 | G17: 3 | H17: 2 | I17: 12 | J17: 10
... A32: SC | B32: Santa Catarina | C32: Sul | D32: 8187029 | E32: 2809.45 | F32: 0.012798 | G32: 3 | H32: 3 | I32: 16 | J32: 13
B33: Brasil | D33: =SUM(D6:D32) -> 213421037 | F33: =SUM(F6:F32) -> 1 | G33: =SUM(G6:G32) -> 81 | H33: =SUM(H6:H32) -> 65 | I33: =SUM(I6:I32) -> 513 | J33: =SUM(J6:J32) -> 382
A35: Notas: (1) Romário (sem partido) e Rede, Avante e Solidariedade contam como neutros; PT, PSOL, PCdoB, PDT, PSB e PV como oposição. (2) MDB, PSD e PSDB estão por pouco acima do corte (notas 7,01 a 7,11). (3) Pressupõe que cada parlamentar vota pelo interesse do seu estado.

Sheet 1 Regra atual
A1: Etapa 1 · Regra atual: quanto cada UF recebe em 2027
A2: A fórmula da LC 143/2013 reparte só a parte do FPE que excede a base de 2015 (o "excedente"). O resto segue os coeficientes fixos de 1989. A coluna P é a referência contra a qual se medem ganhos e perdas. A coluna N é o que vale se nada for aprovado até o prazo do STF (ADI 5069): a partir do 2º semestre de 2027, 100% do FPE pela fórmula.
D4: Dado (IBGE 2025) | E4: Dado (IBGE 2025) | F4: PASSO 1 População da UF ÷ população do Brasil. | G4: PASSO 2 Nenhuma UF conta com menos de 1,2% nem mais de 7% da população. | H4: PASSO 3 Reescala o Passo 2 para que a soma das 27 UFs dê 50%. | I4: PASSO 4 1 ÷ renda per capita. Quanto mais pobre a UF, maior o número. | J4: PASSO 5 Reescala o Passo 4 para que a soma dê 50%. | K4: PASSO 6 Quanto a renda da UF passa de 72% da renda nacional (máximo 100%). Zero para quem está abaixo. | L4: PASSO 7 (Fator população + fator renda) × (1 − redutor). Hoje o redutor corta os DOIS fatores. | M4: PASSO 8 Nenhuma UF fica abaixo de 0,5%. | N4: PASSO 9 Reescala para que a soma das 27 UFs dê 100%. | O4: Dado (Anexo Único da LC 62/89). | P4: PASSO 10 64,43% do FPE pelos coeficientes fixos + 35,57% pelo coeficiente do Passo 9.
A5: Sigla | B5: Estado | C5: Região | D5: População | E5: Renda per capita (R$) | F5: % da população do Brasil | G5: % da população com piso e teto | H5: Fator população | I5: Inverso da renda (1 ÷ renda) | J5: Fator renda | K5: Redutor | L5: Coeficiente com redutor | M5: Coeficiente após mínimo | N5: Coeficiente da fórmula (soma 100%) | O5: Coeficiente fixo LC 62/89 | P5: Participação 2027 pela regra atual
A6: =Dados!A6 -> AC | B6: =Dados!B6 -> Acre | C6: =Dados!C6 -> Norte | D6: =Dados!D6 -> 884372 | E6: =Dados!E6 -> 1391.53 | F6: =D6/D$33 -> 0.0041437902 | G6: =MIN(MAX(F6,PISO_POP),TETO_POP) -> 0.012 | H6: =0.5*G6/G$33 -> 0.0070810258 | I6: =1/E6 -> 0.00071863345 | J6: =0.5*I6/I$33 -> 0.025060236 | K6: =MIN(MAX((E6-VR*RDPC_NAC)/(VR*RDPC_NAC),0),1) -> 0 | L6: =(H6+J6)*(1-K6) -> 0.032141262 | M6: =MAX(L6,COEF_MIN) -> 0.032141262 | N6: =M6/M$33 -> 0.043243535 | O6: =Dados!F6 -> 0.03421 | P6: =PESO_BASE*O6+PESO_EXC*N6 -> 0.037423228
A7: =Dados!A7 -> AP | B7: =Dados!B7 -> Amapá | C7: =Dados!C7 -> Norte | D7: =Dados!D7 -> 806517 | E7: =Dados!E7 -> 1697.24 | F7: =D7/D$33 -> 0.0037789949 | G7: =MIN(MAX(F7,PISO_POP),TETO_POP) -> 0.012 | H7: =0.5*G7/G$33 -> 0.0070810258 | I7: =1/E7 -> 0.00058919186 | J7: =0.5*I7/I$33 -> 0.02054634 | K7: =MIN(MAX((E7-VR*RDPC_NAC)/(VR*RDPC_NAC),0),1) -> 0.01788001 | L7: =(H7+J7)*(1-K7) -> 0.027133389 | M7: =MAX(L7,COEF_MIN) -> 0.027133389 | N7: =M7/M$33 -> 0.036505836 | O7: =Dados!F7 -> 0.03412 | P7: =PESO_BASE*O7+PESO_EXC*N7 -> 0.034968642
A8: =Dados!A8 -> AM | B8: =Dados!B8 -> Amazonas | C8: =Dados!C8 -> Norte | D8: =Dados!D8 -> 4321616 | E8: =Dados!E8 -> 1484.39 | F8: =D8/D$33 -> 0.02024925 | G8: =MIN(MAX(F8,PISO_POP),TETO_POP) -> 0.02024925 | H8: =0.5*G8/G$33 -> 0.011948789 | I8: =1/E8 -> 0.0006736774 | J8: =0.5*I8/I$33 -> 0.023492526 | K8: =MIN(MAX((E8-VR*RDPC_NAC)/(VR*RDPC_NAC),0),1) -> 0 | L8: =(H8+J8)*(1-K8) -> 0.035441315 | M8: =MAX(L8,COEF_MIN) -> 0.035441315 | N8: =M8/M$33 -> 0.047683496 | O8: =Dados!F8 -> 0.027904 | P8: =PESO_BASE*O8+PESO_EXC*N8 -> 0.034939567
A9: =Dados!A9 -> PA | B9: =Dados!B9 -> Pará | C9: =Dados!C9 -> Norte | D9: =Dados!D9 -> 8711196 | E9: =Dados!E9 -> 1420 | F9: =D9/D$33 -> 0.040816951 | G9: =MIN(MAX(F9,PISO_POP),TETO_POP) -> 0.040816951 | H9: =0.5*G9/G$33 -> 0.02408549 | I9: =1/E9 -> 0.00070422535 | J9: =0.5*I9/I$33 -> 0.024557796 | K9: =MIN(MAX((E9-VR*RDPC_NAC)/(VR*RDPC_NAC),0),1) -> 0 | L9: =(H9+J9)*(1-K9) -> 0.048643286 | M9: =MAX(L9,COEF_MIN) -> 0.048643286 | N9: =M9/M$33 -> 0.065445708 | O9: =Dados!F9 -> 0.06112 | P9: =PESO_BASE*O9+PESO_EXC*N9 -> 0.062658654
A10: =Dados!A10 -> RO | B10: =Dados!B10 -> Rondônia | C10: =Dados!C10 -> Norte | D10: =Dados!D10 -> 1751950 | E10: =Dados!E10 -> 1990.95 | F10: =D10/D$33 -> 0.0082088909 | G10: =MIN(MAX(F10,PISO_POP),TETO_POP) -> 0.012 | H10: =0.5*G10/G$33 -> 0.0070810258 | I10: =1/E10 -> 0.00050227278 | J10: =0.5*I10/I$33 -> 0.017515292 | K10: =MIN(MAX((E10-VR*RDPC_NAC)/(VR*RDPC_NAC),0),1) -> 0.19402572 | L10: =(H10+J10)*(1-K10) -> 0.019824 | M10: =MAX(L10,COEF_MIN) -> 0.019824 | N10: =M10/M$33 -> 0.026671629 | O10: =Dados!F10 -> 0.028156 | P10: =PESO_BASE*O10+PESO_EXC*N10 -> 0.027628009
A11: =Dados!A11 -> RR | B11: =Dados!B11 -> Roraima | C11: =Dados!C11 -> Norte | D11: =Dados!D11 -> 738772 | E11: =Dados!E11 -> 1764 | F11: =D11/D$33 -> 0.0034615707 | G11: =MIN(MAX(F11,PISO_POP),TETO_POP) -> 0.012 | H11: =0.5*G11/G$33 -> 0.0070810258 | I11: =1/E11 -> 0.00056689342 | J11: =0.5*I11/I$33 -> 0.019768748 | K11: =MIN(MAX((E11-VR*RDPC_NAC)/(VR*RDPC_NAC),0),1) -> 0.057917759 | L11: =(H11+J11)*(1-K11) -> 0.025294695 | M11: =MAX(L11,COEF_MIN) -> 0.025294695 | N11: =M11/M$33 -> 0.034032018 | O11: =Dados!F11 -> 0.024807 | P11: =PESO_BASE*O11+PESO_EXC*N11 -> 0.028088339
A12: =Dados!A12 -> TO | B12: =Dados!B12 -> Tocantins | C12: =Dados!C12 -> Norte | D12: =Dados!D12 -> 1586859 | E12: =Dados!E12 -> 2036.09 | F12: =D12/D$33 -> 0.0074353448 | G12: =MIN(MAX(F12,PISO_POP),TETO_POP) -> 0.012 | H12: =0.5*G12/G$33 -> 0.0070810258 | I12: =1/E12 -> 0.00049113743 | J12: =0.5*I12/I$33 -> 0.017126979 | K12: =MIN(MAX((E12-VR*RDPC_NAC)/(VR*RDPC_NAC),0),1) -> 0.22109737 | L12: =(H12+J12)*(1-K12) -> 0.018855678 | M12: =MAX(L12,COEF_MIN) -> 0.018855678 | N12: =M12/M$33 -> 0.025368829 | O12: =Dados!F12 -> 0.0434 | P12: =PESO_BASE*O12+PESO_EXC*N12 -> 0.036986313
A13: =Dados!A13 -> AL | B13: =Dados!B13 -> Alagoas | C13: =Dados!C13 -> Nordeste | D13: =Dados!D13 -> 3220848 | E13: =Dados!E13 -> 1421.6 | F13: =D13/D$33 -> 0.015091521 | G13: =MIN(MAX(F13,PISO_POP),TETO_POP) -> 0.015091521 | H13: =0.5*G13/G$33 -> 0.0089052872 | I13: =1/E13 -> 0.00070343275 | J13: =0.5*I13/I$33 -> 0.024530157 | K13: =MIN(MAX((E13-VR*RDPC_NAC)/(VR*RDPC_NAC),0),1) -> 0 | L13: =(H13+J13)*(1-K13) -> 0.033435444 | M13: =MAX(L13,COEF_MIN) -> 0.033435444 | N13: =M13/M$33 -> 0.044984755 | O13: =Dados!F13 -> 0.041601 | P13: =PESO_BASE*O13+PESO_EXC*N13 -> 0.042804602
A14: =Dados!A14 -> BA | B14: =Dados!B14 -> Bahia | C14: =Dados!C14 -> Nordeste | D14: =Dados!D14 -> 14870907 | E14: =Dados!E14 -> 1465.2 | F14: =D14/D$33 -> 0.069678731 | G14: =MIN(MAX(F14,PISO_POP),TETO_POP) -> 0.069678731 | H14: =0.5*G14/G$33 -> 0.041116407 | I14: =1/E14 -> 0.00068250068 | J14: =0.5*I14/I$33 -> 0.023800212 | K14: =MIN(MAX((E14-VR*RDPC_NAC)/(VR*RDPC_NAC),0),1) -> 0 | L14: =(H14+J14)*(1-K14) -> 0.064916619 | M14: =MAX(L14,COEF_MIN) -> 0.064916619 | N14: =M14/M$33 -> 0.087340195 | O14: =Dados!F14 -> 0.093962 | P14: =PESO_BASE*O14+PESO_EXC*N14 -> 0.091606624
A15: =Dados!A15 -> CE | B15: =Dados!B15 -> Ceará | C15: =Dados!C15 -> Nordeste | D15: =Dados!D15 -> 9268836 | E15: =Dados!E15 -> 1389.77 | F15: =D15/D$33 -> 0.043429814 | G15: =MIN(MAX(F15,PISO_POP),TETO_POP) -> 0.043429814 | H15: =0.5*G15/G$33 -> 0.025627303 | I15: =1/E15 -> 0.00071954352 | J15: =0.5*I15/I$33 -> 0.025091973 | K15: =MIN(MAX((E15-VR*RDPC_NAC)/(VR*RDPC_NAC),0),1) -> 0 | L15: =(H15+J15)*(1-K15) -> 0.050719275 | M15: =MAX(L15,COEF_MIN) -> 0.050719275 | N15: =M15/M$33 -> 0.068238788 | O15: =Dados!F15 -> 0.073369 | P15: =PESO_BASE*O15+PESO_EXC*N15 -> 0.071544183
A16: =Dados!A16 -> MA | B16: =Dados!B16 -> Maranhão | C16: =Dados!C16 -> Nordeste | D16: =Dados!D16 -> 7018211 | E16: =Dados!E16 -> 1219.42 | F16: =D16/D$33 -> 0.032884345 | G16: =MIN(MAX(F16,PISO_POP),TETO_POP) -> 0.032884345 | H16: =0.5*G16/G$33 -> 0.019404574 | I16: =1/E16 -> 0.000820062 | J16: =0.5*I16/I$33 -> 0.02859726 | K16: =MIN(MAX((E16-VR*RDPC_NAC)/(VR*RDPC_NAC),0),1) -> 0 | L16: =(H16+J16)*(1-K16) -> 0.048001834 | M16: =MAX(L16,COEF_MIN) -> 0.048001834 | N16: =M16/M$33 -> 0.064582685 | O16: =Dados!F16 -> 0.072182 | P16: =PESO_BASE*O16+PESO_EXC*N16 -> 0.069478924
A17: =Dados!A17 -> PB | B17: =Dados!B17 -> Paraíba | C17: =Dados!C17 -> Nordeste | D17: =Dados!D17 -> 4164468 | E17: =Dados!E17 -> 1543.07 | F17: =D17/D$33 -> 0.019512922 | G17: =MIN(MAX(F17,PISO_POP),TETO_POP) -> 0.019512922 | H17: =0.5*G17/G$33 -> 0.011514292 | I17: =1/E17 -> 0.00064805874 | J17: =0.5*I17/I$33 -> 0.02259915 | K17: =MIN(MAX((E17-VR*RDPC_NAC)/(VR*RDPC_NAC),0),1) -> 0 | L17: =(H17+J17)*(1-K17) -> 0.034113442 | M17: =MAX(L17,COEF_MIN) -> 0.034113442 | N17: =M17/M$33 -> 0.045896948 | O17: =Dados!F17 -> 0.047889 | P17: =PESO_BASE*O17+PESO_EXC*N17 -> 0.047180427
... A32: =Dados!A32 -> SC | B32: =Dados!B32 -> Santa Catarina | C32: =Dados!C32 -> Sul | D32: =Dados!D32 -> 8187029 | E32: =Dados!E32 -> 2809.45 | F32: =D32/D$33 -> 0.038360928 | G32: =MIN(MAX(F32,PISO_POP),TETO_POP) -> 0.038360928 | H32: =0.5*G32/G$33 -> 0.022636227 | I32: =1/E32 -> 0.00035594155 | J32: =0.5*I32/I$33 -> 0.012412419 | K32: =MIN(MAX((E32-VR*RDPC_NAC)/(VR*RDPC_NAC),0),1) -> 0.68490195 | L32: =(H32+J32)*(1-K32) -> 0.01104376 | M32: =MAX(L32,COEF_MIN) -> 0.01104376 | N32: =M32/M$33 -> 0.014858508 | O32: =Dados!F32 -> 0.012798 | P32: =PESO_BASE*O32+PESO_EXC*N32 -> 0.013530923
B33: Brasil (soma) | D33: =SUM(D6:D32) -> 213421037 | E33: =RDPC_NAC -> 2315.87 | F33: =SUM(F6:F32) -> 1 | G33: =SUM(G6:G32) -> 0.84733486 | H33: =SUM(H6:H32) -> 0.5 | I33: =SUM(I6:I32) -> 0.014338122 | J33: =SUM(J6:J32) -> 0.5 | L33: =SUM(L6:L32) -> 0.73826167 | M33: =SUM(M6:M32) -> 0.74326167 | N33: =SUM(N6:N32) -> 1 | O33: =SUM(O6:O32) -> 1 | P33: =SUM(P6:P32) -> 1
E34: ↑ renda nacional

Sheet 2 Fórmula nova
A1: Etapa 2 · Fórmula nova: o redutor passa a cortar só o fator renda
A2: Mesmos dados e mesmos parâmetros da lei (VR 72%, piso 1,2%, teto 7%, mínimo 0,5%). Muda só o Passo 7 (coluna verde) e todo o FPE passa a ser repartido pela fórmula. O resultado (coluna N) ainda não tem nenhuma proteção: é o ponto de partida do fundo.
D4: Dado (IBGE 2025) | E4: Dado (IBGE 2025) | F4: PASSO 1 População da UF ÷ população do Brasil. | G4: PASSO 2 Nenhuma UF conta com menos de 1,2% nem mais de 7% da população. | H4: PASSO 3 Reescala o Passo 2 para que a soma das 27 UFs dê 50%. | I4: PASSO 4 1 ÷ renda per capita. Quanto mais pobre a UF, maior o número. | J4: PASSO 5 Reescala o Passo 4 para que a soma dê 50%. | K4: PASSO 6 Quanto a renda da UF passa de 72% da renda nacional (máximo 100%). Zero para quem está abaixo. | L4: PASSO 7 ★ MUDANÇA Fator população + fator renda × (1 − redutor). O redutor corta SÓ o fator renda. | M4: PASSO 8 Nenhuma UF fica abaixo de 0,5%. | N4: PASSO 9 Reescala para que a soma das 27 UFs dê 100%.
A5: Sigla | B5: Estado | C5: Região | D5: População | E5: Renda per capita (R$) | F5: % da população do Brasil | G5: % da população com piso e teto | H5: Fator população | I5: Inverso da renda (1 ÷ renda) | J5: Fator renda | K5: Redutor | L5: Coeficiente com redutor | M5: Coeficiente após mínimo | N5: Coeficiente da fórmula (soma 100%)
A6: =Dados!A6 -> AC | B6: =Dados!B6 -> Acre | C6: =Dados!C6 -> Norte | D6: =Dados!D6 -> 884372 | E6: =Dados!E6 -> 1391.53 | F6: =D6/D$33 -> 0.0041437902 | G6: =MIN(MAX(F6,PISO_POP),TETO_POP) -> 0.012 | H6: =0.5*G6/G$33 -> 0.0070810258 | I6: =1/E6 -> 0.00071863345 | J6: =0.5*I6/I$33 -> 0.025060236 | K6: =MIN(MAX((E6-VR*RDPC_NAC)/(VR*RDPC_NAC),0),1) -> 0 | L6: =H6+J6*(1-K6) -> 0.032141262 | M6: =MAX(L6,COEF_MIN) -> 0.032141262 | N6: =M6/M$33 -> 0.035400337
A7: =Dados!A7 -> AP | B7: =Dados!B7 -> Amapá | C7: =Dados!C7 -> Norte | D7: =Dados!D7 -> 806517 | E7: =Dados!E7 -> 1697.24 | F7: =D7/D$33 -> 0.0037789949 | G7: =MIN(MAX(F7,PISO_POP),TETO_POP) -> 0.012 | H7: =0.5*G7/G$33 -> 0.0070810258 | I7: =1/E7 -> 0.00058919186 | J7: =0.5*I7/I$33 -> 0.02054634 | K7: =MIN(MAX((E7-VR*RDPC_NAC)/(VR*RDPC_NAC),0),1) -> 0.01788001 | L7: =H7+J7*(1-K7) -> 0.027259997 | M7: =MAX(L7,COEF_MIN) -> 0.027259997 | N7: =M7/M$33 -> 0.030024119
A8: =Dados!A8 -> AM | B8: =Dados!B8 -> Amazonas | C8: =Dados!C8 -> Norte | D8: =Dados!D8 -> 4321616 | E8: =Dados!E8 -> 1484.39 | F8: =D8/D$33 -> 0.02024925 | G8: =MIN(MAX(F8,PISO_POP),TETO_POP) -> 0.02024925 | H8: =0.5*G8/G$33 -> 0.011948789 | I8: =1/E8 -> 0.0006736774 | J8: =0.5*I8/I$33 -> 0.023492526 | K8: =MIN(MAX((E8-VR*RDPC_NAC)/(VR*RDPC_NAC),0),1) -> 0 | L8: =H8+J8*(1-K8) -> 0.035441315 | M8: =MAX(L8,COEF_MIN) -> 0.035441315 | N8: =M8/M$33 -> 0.03903501
A9: =Dados!A9 -> PA | B9: =Dados!B9 -> Pará | C9: =Dados!C9 -> Norte | D9: =Dados!D9 -> 8711196 | E9: =Dados!E9 -> 1420 | F9: =D9/D$33 -> 0.040816951 | G9: =MIN(MAX(F9,PISO_POP),TETO_POP) -> 0.040816951 | H9: =0.5*G9/G$33 -> 0.02408549 | I9: =1/E9 -> 0.00070422535 | J9: =0.5*I9/I$33 -> 0.024557796 | K9: =MIN(MAX((E9-VR*RDPC_NAC)/(VR*RDPC_NAC),0),1) -> 0 | L9: =H9+J9*(1-K9) -> 0.048643286 | M9: =MAX(L9,COEF_MIN) -> 0.048643286 | N9: =M9/M$33 -> 0.053575641
A10: =Dados!A10 -> RO | B10: =Dados!B10 -> Rondônia | C10: =Dados!C10 -> Norte | D10: =Dados!D10 -> 1751950 | E10: =Dados!E10 -> 1990.95 | F10: =D10/D$33 -> 0.0082088909 | G10: =MIN(MAX(F10,PISO_POP),TETO_POP) -> 0.012 | H10: =0.5*G10/G$33 -> 0.0070810258 | I10: =1/E10 -> 0.00050227278 | J10: =0.5*I10/I$33 -> 0.017515292 | K10: =MIN(MAX((E10-VR*RDPC_NAC)/(VR*RDPC_NAC),0),1) -> 0.19402572 | L10: =H10+J10*(1-K10) -> 0.021197901 | M10: =MAX(L10,COEF_MIN) -> 0.021197901 | N10: =M10/M$33 -> 0.023347335
A11: =Dados!A11 -> RR | B11: =Dados!B11 -> Roraima | C11: =Dados!C11 -> Norte | D11: =Dados!D11 -> 738772 | E11: =Dados!E11 -> 1764 | F11: =D11/D$33 -> 0.0034615707 | G11: =MIN(MAX(F11,PISO_POP),TETO_POP) -> 0.012 | H11: =0.5*G11/G$33 -> 0.0070810258 | I11: =1/E11 -> 0.00056689342 | J11: =0.5*I11/I$33 -> 0.019768748 | K11: =MIN(MAX((E11-VR*RDPC_NAC)/(VR*RDPC_NAC),0),1) -> 0.057917759 | L11: =H11+J11*(1-K11) -> 0.025704812 | M11: =MAX(L11,COEF_MIN) -> 0.025704812 | N11: =M11/M$33 -> 0.02831124
A12: =Dados!A12 -> TO | B12: =Dados!B12 -> Tocantins | C12: =Dados!C12 -> Norte | D12: =Dados!D12 -> 1586859 | E12: =Dados!E12 -> 2036.09 | F12: =D12/D$33 -> 0.0074353448 | G12: =MIN(MAX(F12,PISO_POP),TETO_POP) -> 0.012 | H12: =0.5*G12/G$33 -> 0.0070810258 | I12: =1/E12 -> 0.00049113743 | J12: =0.5*I12/I$33 -> 0.017126979 | K12: =MIN(MAX((E12-VR*RDPC_NAC)/(VR*RDPC_NAC),0),1) -> 0.22109737 | L12: =H12+J12*(1-K12) -> 0.020421275 | M12: =MAX(L12,COEF_MIN) -> 0.020421275 | N12: =M12/M$33 -> 0.022491961
A13: =Dados!A13 -> AL | B13: =Dados!B13 -> Alagoas | C13: =Dados!C13 -> Nordeste | D13: =Dados!D13 -> 3220848 | E13: =Dados!E13 -> 1421.6 | F13: =D13/D$33 -> 0.015091521 | G13: =MIN(MAX(F13,PISO_POP),TETO_POP) -> 0.015091521 | H13: =0.5*G13/G$33 -> 0.0089052872 | I13: =1/E13 -> 0.00070343275 | J13: =0.5*I13/I$33 -> 0.024530157 | K13: =MIN(MAX((E13-VR*RDPC_NAC)/(VR*RDPC_NAC),0),1) -> 0 | L13: =H13+J13*(1-K13) -> 0.033435444 | M13: =MAX(L13,COEF_MIN) -> 0.033435444 | N13: =M13/M$33 -> 0.036825747
A14: =Dados!A14 -> BA | B14: =Dados!B14 -> Bahia | C14: =Dados!C14 -> Nordeste | D14: =Dados!D14 -> 14870907 | E14: =Dados!E14 -> 1465.2 | F14: =D14/D$33 -> 0.069678731 | G14: =MIN(MAX(F14,PISO_POP),TETO_POP) -> 0.069678731 | H14: =0.5*G14/G$33 -> 0.041116407 | I14: =1/E14 -> 0.00068250068 | J14: =0.5*I14/I$33 -> 0.023800212 | K14: =MIN(MAX((E14-VR*RDPC_NAC)/(VR*RDPC_NAC),0),1) -> 0 | L14: =H14+J14*(1-K14) -> 0.064916619 | M14: =MAX(L14,COEF_MIN) -> 0.064916619 | N14: =M14/M$33 -> 0.071499065
A15: =Dados!A15 -> CE | B15: =Dados!B15 -> Ceará | C15: =Dados!C15 -> Nordeste | D15: =Dados!D15 -> 9268836 | E15: =Dados!E15 -> 1389.77 | F15: =D15/D$33 -> 0.043429814 | G15: =MIN(MAX(F15,PISO_POP),TETO_POP) -> 0.043429814 | H15: =0.5*G15/G$33 -> 0.025627303 | I15: =1/E15 -> 0.00071954352 | J15: =0.5*I15/I$33 -> 0.025091973 | K15: =MIN(MAX((E15-VR*RDPC_NAC)/(VR*RDPC_NAC),0),1) -> 0 | L15: =H15+J15*(1-K15) -> 0.050719275 | M15: =MAX(L15,COEF_MIN) -> 0.050719275 | N15: =M15/M$33 -> 0.055862132
A16: =Dados!A16 -> MA | B16: =Dados!B16 -> Maranhão | C16: =Dados!C16 -> Nordeste | D16: =Dados!D16 -> 7018211 | E16: =Dados!E16 -> 1219.42 | F16: =D16/D$33 -> 0.032884345 | G16: =MIN(MAX(F16,PISO_POP),TETO_POP) -> 0.032884345 | H16: =0.5*G16/G$33 -> 0.019404574 | I16: =1/E16 -> 0.000820062 | J16: =0.5*I16/I$33 -> 0.02859726 | K16: =MIN(MAX((E16-VR*RDPC_NAC)/(VR*RDPC_NAC),0),1) -> 0 | L16: =H16+J16*(1-K16) -> 0.048001834 | M16: =MAX(L16,COEF_MIN) -> 0.048001834 | N16: =M16/M$33 -> 0.052869147
A17: =Dados!A17 -> PB | B17: =Dados!B17 -> Paraíba | C17: =Dados!C17 -> Nordeste | D17: =Dados!D17 -> 4164468 | E17: =Dados!E17 -> 1543.07 | F17: =D17/D$33 -> 0.019512922 | G17: =MIN(MAX(F17,PISO_POP),TETO_POP) -> 0.019512922 | H17: =0.5*G17/G$33 -> 0.011514292 | I17: =1/E17 -> 0.00064805874 | J17: =0.5*I17/I$33 -> 0.02259915 | K17: =MIN(MAX((E17-VR*RDPC_NAC)/(VR*RDPC_NAC),0),1) -> 0 | L17: =H17+J17*(1-K17) -> 0.034113442 | M17: =MAX(L17,COEF_MIN) -> 0.034113442 | N17: =M17/M$33 -> 0.037572493
... A32: =Dados!A32 -> SC | B32: =Dados!B32 -> Santa Catarina | C32: =Dados!C32 -> Sul | D32: =Dados!D32 -> 8187029 | E32: =Dados!E32 -> 2809.45 | F32: =D32/D$33 -> 0.038360928 | G32: =MIN(MAX(F32,PISO_POP),TETO_POP) -> 0.038360928 | H32: =0.5*G32/G$33 -> 0.022636227 | I32: =1/E32 -> 0.00035594155 | J32: =0.5*I32/I$33 -> 0.012412419 | K32: =MIN(MAX((E32-VR*RDPC_NAC)/(VR*RDPC_NAC),0),1) -> 0.68490195 | L32: =H32+J32*(1-K32) -> 0.026547356 | M32: =MAX(L32,COEF_MIN) -> 0.026547356 | N32: =M32/M$33 -> 0.029239217
B33: Brasil (soma) | D33: =SUM(D6:D32) -> 213421037 | E33: =RDPC_NAC -> 2315.87 | F33: =SUM(F6:F32) -> 1 | G33: =SUM(G6:G32) -> 0.84733486 | H33: =SUM(H6:H32) -> 0.5 | I33: =SUM(I6:I32) -> 0.014338122 | J33: =SUM(J6:J32) -> 0.5 | L33: =SUM(L6:L32) -> 0.90793662 | M33: =SUM(M6:M32) -> 0.90793662 | N33: =SUM(N6:N32) -> 1
E34: ↑ renda nacional

Sheet 3 Fundo
A1: Etapa 3 · Fundo de compensação: piso de perda e teto de ganho
A2: Cada UF é comparada com o que receberia pela regra atual. Quem ganharia mais de 10% entrega o excesso ao fundo. Quem perderia mais que o permitido recebe do fundo até chegar ao piso. O que sobrar no fundo é devolvido a todas as UFs na proporção do que já recebem (Passo 19).
C4: Dado (IBGE 2025) | D4: PASSO 11 Pequena (< 2,5 mi hab.) ou demais. | E4: Vem da Etapa 1 (coluna P). | F4: Vem da Etapa 2 (coluna N). | G4: Fórmula nova ÷ regra atual − 1. | H4: PASSO 12 Pequena: 0%. Demais: 5%. | I4: PASSO 13 Regra atual × (1 − perda máxima). Ninguém recebe menos que isso. | J4: PASSO 14 10% para todas as UFs, sem exceção. | K4: PASSO 15 Regra atual × (1 + ganho máximo). | L4: PASSO 16 O que a fórmula dá acima do teto vai para o fundo. | M4: PASSO 17 O que falta para chegar ao piso sai do fundo. | N4: PASSO 18 Fórmula − entrega + recebimento. | O4: PASSO 19 A sobra do fundo volta a todas na proporção do Passo 18, para a soma dar 100%. | P4: Participação final ÷ regra atual − 1.
A5: Sigla | B5: Estado | C5: População | D5: Grupo | E5: Regra atual 2027 | F5: Fórmula nova (sem fundo) | G5: Variação sem fundo | H5: Perda máxima permitida | I5: Piso garantido | J5: Ganho máximo permitido | K5: Teto de ganho | L5: Entrega ao fundo | M5: Recebe do fundo | N5: Após piso e teto | O5: Participação final | P5: Variação final | Q5: Resultado
A6: =Dados!A6 -> AC | B6: =Dados!B6 -> Acre | C6: =Dados!D6 -> 884372 | D6: =IF(C6<POP_PEQ,"Pequena: perda zero","Demais") -> Pequena: perda zero | E6: ='1 Regra atual'!P6 -> 0.037423228 | F6: ='2 Fórmula nova'!N6 -> 0.035400337 | G6: =F6/E6-1 -> -0.054054433 | H6: =IF(C6<POP_PEQ,PERDA_PEQ,PERDA_MAX) -> 0 | I6: =E6*(1-H6) -> 0.037423228 | J6: =GANHO_MAX -> 0.1 | K6: =E6*(1+J6) -> 0.041165551 | L6: =MAX(F6-K6,0) -> 0 | M6: =MAX(I6-F6,0) -> 0.0020228914 | N6: =F6-L6+M6 -> 0.037423228 | O6: =N6/N$33 -> 0.037547613 | P6: =O6/E6-1 -> 0.003323733 | Q6: =IF(P6>0.00005,"Ganha",IF(P6<-0.00005,"Perde","Mantém")) -> Ganha
A7: =Dados!A7 -> AP | B7: =Dados!B7 -> Amapá | C7: =Dados!D7 -> 806517 | D7: =IF(C7<POP_PEQ,"Pequena: perda zero","Demais") -> Pequena: perda zero | E7: ='1 Regra atual'!P7 -> 0.034968642 | F7: ='2 Fórmula nova'!N7 -> 0.030024119 | G7: =F7/E7-1 -> -0.14139875 | H7: =IF(C7<POP_PEQ,PERDA_PEQ,PERDA_MAX) -> 0 | I7: =E7*(1-H7) -> 0.034968642 | J7: =GANHO_MAX -> 0.1 | K7: =E7*(1+J7) -> 0.038465506 | L7: =MAX(F7-K7,0) -> 0 | M7: =MAX(I7-F7,0) -> 0.0049445223 | N7: =F7-L7+M7 -> 0.034968642 | O7: =N7/N$33 -> 0.035084868 | P7: =O7/E7-1 -> 0.003323733 | Q7: =IF(P7>0.00005,"Ganha",IF(P7<-0.00005,"Perde","Mantém")) -> Ganha
A8: =Dados!A8 -> AM | B8: =Dados!B8 -> Amazonas | C8: =Dados!D8 -> 4321616 | D8: =IF(C8<POP_PEQ,"Pequena: perda zero","Demais") -> Demais | E8: ='1 Regra atual'!P8 -> 0.034939567 | F8: ='2 Fórmula nova'!N8 -> 0.03903501 | G8: =F8/E8-1 -> 0.11721506 | H8: =IF(C8<POP_PEQ,PERDA_PEQ,PERDA_MAX) -> 0.05 | I8: =E8*(1-H8) -> 0.033192588 | J8: =GANHO_MAX -> 0.1 | K8: =E8*(1+J8) -> 0.038433523 | L8: =MAX(F8-K8,0) -> 0.00060148657 | M8: =MAX(I8-F8,0) -> 0 | N8: =F8-L8+M8 -> 0.038433523 | O8: =N8/N$33 -> 0.038561266 | P8: =O8/E8-1 -> 0.10365611 | Q8: =IF(P8>0.00005,"Ganha",IF(P8<-0.00005,"Perde","Mantém")) -> Ganha
A9: =Dados!A9 -> PA | B9: =Dados!B9 -> Pará | C9: =Dados!D9 -> 8711196 | D9: =IF(C9<POP_PEQ,"Pequena: perda zero","Demais") -> Demais | E9: ='1 Regra atual'!P9 -> 0.062658654 | F9: ='2 Fórmula nova'!N9 -> 0.053575641 | G9: =F9/E9-1 -> -0.14496023 | H9: =IF(C9<POP_PEQ,PERDA_PEQ,PERDA_MAX) -> 0.05 | I9: =E9*(1-H9) -> 0.059525722 | J9: =GANHO_MAX -> 0.1 | K9: =E9*(1+J9) -> 0.06892452 | L9: =MAX(F9-K9,0) -> 0 | M9: =MAX(I9-F9,0) -> 0.0059500803 | N9: =F9-L9+M9 -> 0.059525722 | O9: =N9/N$33 -> 0.059723569 | P9: =O9/E9-1 -> -0.046842454 | Q9: =IF(P9>0.00005,"Ganha",IF(P9<-0.00005,"Perde","Mantém")) -> Perde
A10: =Dados!A10 -> RO | B10: =Dados!B10 -> Rondônia | C10: =Dados!D10 -> 1751950 | D10: =IF(C10<POP_PEQ,"Pequena: perda zero","Demais") -> Pequena: perda zero | E10: ='1 Regra atual'!P10 -> 0.027628009 | F10: ='2 Fórmula nova'!N10 -> 0.023347335 | G10: =F10/E10-1 -> -0.15493964 | H10: =IF(C10<POP_PEQ,PERDA_PEQ,PERDA_MAX) -> 0 | I10: =E10*(1-H10) -> 0.027628009 | J10: =GANHO_MAX -> 0.1 | K10: =E10*(1+J10) -> 0.03039081 | L10: =MAX(F10-K10,0) -> 0 | M10: =MAX(I10-F10,0) -> 0.0042806738 | N10: =F10-L10+M10 -> 0.027628009 | O10: =N10/N$33 -> 0.027719837 | P10: =O10/E10-1 -> 0.003323733 | Q10: =IF(P10>0.00005,"Ganha",IF(P10<-0.00005,"Perde","Mantém")) -> Ganha
A11: =Dados!A11 -> RR | B11: =Dados!B11 -> Roraima | C11: =Dados!D11 -> 738772 | D11: =IF(C11<POP_PEQ,"Pequena: perda zero","Demais") -> Pequena: perda zero | E11: ='1 Regra atual'!P11 -> 0.028088339 | F11: ='2 Fórmula nova'!N11 -> 0.02831124 | G11: =F11/E11-1 -> 0.0079357314 | H11: =IF(C11<POP_PEQ,PERDA_PEQ,PERDA_MAX) -> 0 | I11: =E11*(1-H11) -> 0.028088339 | J11: =GANHO_MAX -> 0.1 | K11: =E11*(1+J11) -> 0.030897173 | L11: =MAX(F11-K11,0) -> 0 | M11: =MAX(I11-F11,0) -> 0 | N11: =F11-L11+M11 -> 0.02831124 | O11: =N11/N$33 -> 0.028405339 | P11: =O11/E11-1 -> 0.011285841 | Q11: =IF(P11>0.00005,"Ganha",IF(P11<-0.00005,"Perde","Mantém")) -> Ganha
A12: =Dados!A12 -> TO | B12: =Dados!B12 -> Tocantins | C12: =Dados!D12 -> 1586859 | D12: =IF(C12<POP_PEQ,"Pequena: perda zero","Demais") -> Pequena: perda zero | E12: ='1 Regra atual'!P12 -> 0.036986313 | F12: ='2 Fórmula nova'!N12 -> 0.022491961 | G12: =F12/E12-1 -> -0.39188421 | H12: =IF(C12<POP_PEQ,PERDA_PEQ,PERDA_MAX) -> 0 | I12: =E12*(1-H12) -> 0.036986313 | J12: =GANHO_MAX -> 0.1 | K12: =E12*(1+J12) -> 0.040684944 | L12: =MAX(F12-K12,0) -> 0 | M12: =MAX(I12-F12,0) -> 0.014494352 | N12: =F12-L12+M12 -> 0.036986313 | O12: =N12/N$33 -> 0.037109245 | P12: =O12/E12-1 -> 0.003323733 | Q12: =IF(P12>0.00005,"Ganha",IF(P12<-0.00005,"Perde","Mantém")) -> Ganha
A13: =Dados!A13 -> AL | B13: =Dados!B13 -> Alagoas | C13: =Dados!D13 -> 3220848 | D13: =IF(C13<POP_PEQ,"Pequena: perda zero","Demais") -> Demais | E13: ='1 Regra atual'!P13 -> 0.042804602 | F13: ='2 Fórmula nova'!N13 -> 0.036825747 | G13: =F13/E13-1 -> -0.13967785 | H13: =IF(C13<POP_PEQ,PERDA_PEQ,PERDA_MAX) -> 0.05 | I13: =E13*(1-H13) -> 0.040664371 | J13: =GANHO_MAX -> 0.1 | K13: =E13*(1+J13) -> 0.047085062 | L13: =MAX(F13-K13,0) -> 0 | M13: =MAX(I13-F13,0) -> 0.0038386246 | N13: =F13-L13+M13 -> 0.040664371 | O13: =N13/N$33 -> 0.040799529 | P13: =O13/E13-1 -> -0.046842454 | Q13: =IF(P13>0.00005,"Ganha",IF(P13<-0.00005,"Perde","Mantém")) -> Perde
A14: =Dados!A14 -> BA | B14: =Dados!B14 -> Bahia | C14: =Dados!D14 -> 14870907 | D14: =IF(C14<POP_PEQ,"Pequena: perda zero","Demais") -> Demais | E14: ='1 Regra atual'!P14 -> 0.091606624 | F14: ='2 Fórmula nova'!N14 -> 0.071499065 | G14: =F14/E14-1 -> -0.21949896 | H14: =IF(C14<POP_PEQ,PERDA_PEQ,PERDA_MAX) -> 0.05 | I14: =E14*(1-H14) -> 0.087026293 | J14: =GANHO_MAX -> 0.1 | K14: =E14*(1+J14) -> 0.10076729 | L14: =MAX(F14-K14,0) -> 0 | M14: =MAX(I14-F14,0) -> 0.015527227 | N14: =F14-L14+M14 -> 0.087026293 | O14: =N14/N$33 -> 0.087315545 | P14: =O14/E14-1 -> -0.046842454 | Q14: =IF(P14>0.00005,"Ganha",IF(P14<-0.00005,"Perde","Mantém")) -> Perde
A15: =Dados!A15 -> CE | B15: =Dados!B15 -> Ceará | C15: =Dados!D15 -> 9268836 | D15: =IF(C15<POP_PEQ,"Pequena: perda zero","Demais") -> Demais | E15: ='1 Regra atual'!P15 -> 0.071544183 | F15: ='2 Fórmula nova'!N15 -> 0.055862132 | G15: =F15/E15-1 -> -0.21919393 | H15: =IF(C15<POP_PEQ,PERDA_PEQ,PERDA_MAX) -> 0.05 | I15: =E15*(1-H15) -> 0.067966974 | J15: =GANHO_MAX -> 0.1 | K15: =E15*(1+J15) -> 0.078698602 | L15: =MAX(F15-K15,0) -> 0 | M15: =MAX(I15-F15,0) -> 0.012104842 | N15: =F15-L15+M15 -> 0.067966974 | O15: =N15/N$33 -> 0.068192878 | P15: =O15/E15-1 -> -0.046842454 | Q15: =IF(P15>0.00005,"Ganha",IF(P15<-0.00005,"Perde","Mantém")) -> Perde
A16: =Dados!A16 -> MA | B16: =Dados!B16 -> Maranhão | C16: =Dados!D16 -> 7018211 | D16: =IF(C16<POP_PEQ,"Pequena: perda zero","Demais") -> Demais | E16: ='1 Regra atual'!P16 -> 0.069478924 | F16: ='2 Fórmula nova'!N16 -> 0.052869147 | G16: =F16/E16-1 -> -0.23906209 | H16: =IF(C16<POP_PEQ,PERDA_PEQ,PERDA_MAX) -> 0.05 | I16: =E16*(1-H16) -> 0.066004977 | J16: =GANHO_MAX -> 0.1 | K16: =E16*(1+J16) -> 0.076426816 | L16: =MAX(F16-K16,0) -> 0 | M16: =MAX(I16-F16,0) -> 0.01313583 | N16: =F16-L16+M16 -> 0.066004977 | O16: =N16/N$33 -> 0.06622436 | P16: =O16/E16-1 -> -0.046842454 | Q16: =IF(P16>0.00005,"Ganha",IF(P16<-0.00005,"Perde","Mantém")) -> Perde
A17: =Dados!A17 -> PB | B17: =Dados!B17 -> Paraíba | C17: =Dados!D17 -> 4164468 | D17: =IF(C17<POP_PEQ,"Pequena: perda zero","Demais") -> Demais | E17: ='1 Regra atual'!P17 -> 0.047180427 | F17: ='2 Fórmula nova'!N17 -> 0.037572493 | G17: =F17/E17-1 -> -0.20364237 | H17: =IF(C17<POP_PEQ,PERDA_PEQ,PERDA_MAX) -> 0.05 | I17: =E17*(1-H17) -> 0.044821406 | J17: =GANHO_MAX -> 0.1 | K17: =E17*(1+J17) -> 0.05189847 | L17: =MAX(F17-K17,0) -> 0 | M17: =MAX(I17-F17,0) -> 0.0072489127 | N17: =F17-L17+M17 -> 0.044821406 | O17: =N17/N$33 -> 0.04497038 | P17: =O17/E17-1 -> -0.046842454 | Q17: =IF(P17>0.00005,"Ganha",IF(P17<-0.00005,"Perde","Mantém")) -> Perde
... A32: =Dados!A32 -> SC | B32: =Dados!B32 -> Santa Catarina | C32: =Dados!D32 -> 8187029 | D32: =IF(C32<POP_PEQ,"Pequena: perda zero","Demais") -> Demais | E32: ='1 Regra atual'!P32 -> 0.013530923 | F32: ='2 Fórmula nova'!N32 -> 0.029239217 | G32: =F32/E32-1 -> 1.1609182 | H32: =IF(C32<POP_PEQ,PERDA_PEQ,PERDA_MAX) -> 0.05 | I32: =E32*(1-H32) -> 0.012854377 | J32: =GANHO_MAX -> 0.1 | K32: =E32*(1+J32) -> 0.014884015 | L32: =MAX(F32-K32,0) -> 0.014355202 | M32: =MAX(I32-F32,0) -> 0 | N32: =F32-L32+M32 -> 0.014884015 | O32: =N32/N$33 -> 0.014933486 | P32: =O32/E32-1 -> 0.10365611 | Q32: =IF(P32>0.00005,"Ganha",IF(P32<-0.00005,"Perde","Mantém")) -> Ganha
B33: Brasil (soma) | C33: =SUM(C6:C32) -> 213421037 | E33: =SUM(E6:E32) -> 1 | F33: =SUM(F6:F32) -> 1 | I33: =SUM(I6:I32) -> 0.96024293 | L33: =SUM(L6:L32) -> 0.12117012 | M33: =SUM(M6:M32) -> 0.1178574 | N33: =SUM(N6:N32) -> 0.99668728 | O33: =SUM(O6:O32) -> 1
B35: Balanço do fundo
B36: Arrecadado (soma do Passo 16) | G36: =L33 -> 0.12117012
B37: Pago às UFs que perderiam demais (soma do Passo 17) | G37: =M33 -> 0.1178574
B38: Sobra do fundo (devolvida a todas no Passo 19) | G38: =L33-M33 -> 0.0033127224
B39: Efeito da devolução sobre cada UF | G39: =1/N33-1 -> 0.003323733
B40: Conferência: soma das participações finais (deve dar 100%) | G40: =O33 -> 1
B41: Conferência: o RS está no grupo que mais ganha (no teto)? | G41: =IF(INDEX(P6:P32,MATCH("RS",A6:A32,0))>=MAX(P6:P32)-0.0000001,"Sim","Não") -> Sim
B43: Os valores do fundo estão em pontos percentuais do FPE total. Exemplo: 0,50% = meio por cento de todo o fundo. Se a sobra for negativa (fundo não cobre os pisos), a devolução vira um corte proporcional e as perdas passam um pouco do limite.

Sheet 4 Comparação
A1: Etapa 4 · Comparação: regra atual × proposta
A2: Três situações para 2027: a regra atual (ano cheio), o que vale se nada for aprovado (2º semestre de 2027, só a fórmula atual) e a proposta. "Não perde" inclui quem ganha e quem mantém. É a base para contar os votos.
A5: Sigla | B5: Estado | C5: Região | D5: Regra atual 2027 | E5: Se nada for aprovado (2º sem/2027) | F5: Proposta | G5: Proposta × regra atual | H5: Proposta × se nada for aprovado | I5: Resultado | J5: Senadores | K5: Senadores da situação | L5: Deputados | M5: Deputados da situação
A6: =Dados!A6 -> AC | B6: =Dados!B6 -> Acre | C6: =Dados!C6 -> Norte | D6: ='1 Regra atual'!P6 -> 0.037423228 | E6: ='1 Regra atual'!N6 -> 0.043243535 | F6: ='3 Fundo'!O6 -> 0.037547613 | G6: =F6/D6-1 -> 0.003323733 | H6: =F6/E6-1 -> -0.1317173 | I6: ='3 Fundo'!Q6 -> Ganha | J6: =Dados!G6 -> 3 | K6: =Dados!H6 -> 3 | L6: =Dados!I6 -> 8 | M6: =Dados!J6 -> 7
A7: =Dados!A7 -> AP | B7: =Dados!B7 -> Amapá | C7: =Dados!C7 -> Norte | D7: ='1 Regra atual'!P7 -> 0.034968642 | E7: ='1 Regra atual'!N7 -> 0.036505836 | F7: ='3 Fundo'!O7 -> 0.035084868 | G7: =F7/D7-1 -> 0.003323733 | H7: =F7/E7-1 -> -0.038924395 | I7: ='3 Fundo'!Q7 -> Ganha | J7: =Dados!G7 -> 3 | K7: =Dados!H7 -> 3 | L7: =Dados!I7 -> 8 | M7: =Dados!J7 -> 5
A8: =Dados!A8 -> AM | B8: =Dados!B8 -> Amazonas | C8: =Dados!C8 -> Norte | D8: ='1 Regra atual'!P8 -> 0.034939567 | E8: ='1 Regra atual'!N8 -> 0.047683496 | F8: ='3 Fundo'!O8 -> 0.038561266 | G8: =F8/D8-1 -> 0.10365611 | H8: =F8/E8-1 -> -0.1913079 | I8: ='3 Fundo'!Q8 -> Ganha | J8: =Dados!G8 -> 3 | K8: =Dados!H8 -> 3 | L8: =Dados!I8 -> 8 | M8: =Dados!J8 -> 8
A9: =Dados!A9 -> PA | B9: =Dados!B9 -> Pará | C9: =Dados!C9 -> Norte | D9: ='1 Regra atual'!P9 -> 0.062658654 | E9: ='1 Regra atual'!N9 -> 0.065445708 | F9: ='3 Fundo'!O9 -> 0.059723569 | G9: =F9/D9-1 -> -0.046842454 | H9: =F9/E9-1 -> -0.087433369 | I9: ='3 Fundo'!Q9 -> Perde | J9: =Dados!G9 -> 3 | K9: =Dados!H9 -> 2 | L9: =Dados!I9 -> 17 | M9: =Dados!J9 -> 14
A10: =Dados!A10 -> RO | B10: =Dados!B10 -> Rondônia | C10: =Dados!C10 -> Norte | D10: ='1 Regra atual'!P10 -> 0.027628009 | E10: ='1 Regra atual'!N10 -> 0.026671629 | F10: ='3 Fundo'!O10 -> 0.027719837 | G10: =F10/D10-1 -> 0.003323733 | H10: =F10/E10-1 -> 0.039300497 | I10: ='3 Fundo'!Q10 -> Ganha | J10: =Dados!G10 -> 3 | K10: =Dados!H10 -> 3 | L10: =Dados!I10 -> 8 | M10: =Dados!J10 -> 8
A11: =Dados!A11 -> RR | B11: =Dados!B11 -> Roraima | C11: =Dados!C11 -> Norte | D11: ='1 Regra atual'!P11 -> 0.028088339 | E11: ='1 Regra atual'!N11 -> 0.034032018 | F11: ='3 Fundo'!O11 -> 0.028405339 | G11: =F11/D11-1 -> 0.011285841 | H11: =F11/E11-1 -> -0.16533485 | I11: ='3 Fundo'!Q11 -> Ganha | J11: =Dados!G11 -> 3 | K11: =Dados!H11 -> 3 | L11: =Dados!I11 -> 8 | M11: =Dados!J11 -> 8
A12: =Dados!A12 -> TO | B12: =Dados!B12 -> Tocantins | C12: =Dados!C12 -> Norte | D12: ='1 Regra atual'!P12 -> 0.036986313 | E12: ='1 Regra atual'!N12 -> 0.025368829 | F12: ='3 Fundo'!O12 -> 0.037109245 | G12: =F12/D12-1 -> 0.003323733 | H12: =F12/E12-1 -> 0.46278903 | I12: ='3 Fundo'!Q12 -> Ganha | J12: =Dados!G12 -> 3 | K12: =Dados!H12 -> 3 | L12: =Dados!I12 -> 8 | M12: =Dados!J12 -> 8
A13: =Dados!A13 -> AL | B13: =Dados!B13 -> Alagoas | C13: =Dados!C13 -> Nordeste | D13: ='1 Regra atual'!P13 -> 0.042804602 | E13: ='1 Regra atual'!N13 -> 0.044984755 | F13: ='3 Fundo'!O13 -> 0.040799529 | G13: =F13/D13-1 -> -0.046842454 | H13: =F13/E13-1 -> -0.093036534 | I13: ='3 Fundo'!Q13 -> Perde | J13: =Dados!G13 -> 3 | K13: =Dados!H13 -> 3 | L13: =Dados!I13 -> 9 | M13: =Dados!J13 -> 9
A14: =Dados!A14 -> BA | B14: =Dados!B14 -> Bahia | C14: =Dados!C14 -> Nordeste | D14: ='1 Regra atual'!P14 -> 0.091606624 | E14: ='1 Regra atual'!N14 -> 0.087340195 | F14: ='3 Fundo'!O14 -> 0.087315545 | G14: =F14/D14-1 -> -0.046842454 | H14: =F14/E14-1 -> -0.00028223034 | I14: ='3 Fundo'!Q14 -> Perde | J14: =Dados!G14 -> 3 | K14: =Dados!H14 -> 1 | L14: =Dados!I14 -> 39 | M14: =Dados!J14 -> 24
A15: =Dados!A15 -> CE | B15: =Dados!B15 -> Ceará | C15: =Dados!C15 -> Nordeste | D15: ='1 Regra atual'!P15 -> 0.071544183 | E15: ='1 Regra atual'!N15 -> 0.068238788 | F15: ='3 Fundo'!O15 -> 0.068192878 | G15: =F15/D15-1 -> -0.046842454 | H15: =F15/E15-1 -> -0.00067277304 | I15: ='3 Fundo'!Q15 -> Perde | J15: =Dados!G15 -> 3 | K15: =Dados!H15 -> 0 | L15: =Dados!I15 -> 22 | M15: =Dados!J15 -> 14
A16: =Dados!A16 -> MA | B16: =Dados!B16 -> Maranhão | C16: =Dados!C16 -> Nordeste | D16: ='1 Regra atual'!P16 -> 0.069478924 | E16: ='1 Regra atual'!N16 -> 0.064582685 | F16: ='3 Fundo'!O16 -> 0.06622436 | G16: =F16/D16-1 -> -0.046842454 | H16: =F16/E16-1 -> 0.025419746 | I16: ='3 Fundo'!Q16 -> Perde | J16: =Dados!G16 -> 3 | K16: =Dados!H16 -> 2 | L16: =Dados!I16 -> 18 | M16: =Dados!J16 -> 15
A17: =Dados!A17 -> PB | B17: =Dados!B17 -> Paraíba | C17: =Dados!C17 -> Nordeste | D17: ='1 Regra atual'!P17 -> 0.047180427 | E17: ='1 Regra atual'!N17 -> 0.045896948 | F17: ='3 Fundo'!O17 -> 0.04497038 | G17: =F17/D17-1 -> -0.046842454 | H17: =F17/E17-1 -> -0.020188 | I17: ='3 Fundo'!Q17 -> Perde | J17: =Dados!G17 -> 3 | K17: =Dados!H17 -> 2 | L17: =Dados!I17 -> 12 | M17: =Dados!J17 -> 10
... A32: =Dados!A32 -> SC | B32: =Dados!B32 -> Santa Catarina | C32: =Dados!C32 -> Sul | D32: ='1 Regra atual'!P32 -> 0.013530923 | E32: ='1 Regra atual'!N32 -> 0.014858508 | F32: ='3 Fundo'!O32 -> 0.014933486 | G32: =F32/D32-1 -> 0.10365611 | H32: =F32/E32-1 -> 0.0050460842 | I32: ='3 Fundo'!Q32 -> Ganha | J32: =Dados!G32 -> 3 | K32: =Dados!H32 -> 3 | L32: =Dados!I32 -> 16 | M32: =Dados!J32 -> 13
B33: Brasil (soma) | D33: =SUM(D6:D32) -> 1 | E33: =SUM(E6:E32) -> 1 | F33: =SUM(F6:F32) -> 1 | J33: =SUM(J6:J32) -> 81 | K33: =SUM(K6:K32) -> 65 | L33: =SUM(L6:L32) -> 513 | M33: =SUM(M6:M32) -> 382
B35: Por região
B36: Região | D36: Regra atual 2027 | E36: Se nada for aprovado | F36: Proposta | G36: Proposta × regra atual | H36: Proposta × se nada for aprovado
B37: Norte | D37: =SUMIF($C$6:$C$32,$B37,D$6:D$32) -> 0.26269275 | E37: =SUMIF($C$6:$C$32,$B37,E$6:E$32) -> 0.27895105 | F37: =SUMIF($C$6:$C$32,$B37,F$6:F$32) -> 0.26415174 | G37: =F37/D37-1 -> 0.0055539669 | H37: =F37/E37-1 -> -0.053053437
B38: Nordeste | D38: =SUMIF($C$6:$C$32,$B38,D$6:D$32) -> 0.51244593 | E38: =SUMIF($C$6:$C$32,$B38,E$6:E$32) -> 0.49051931 | F38: =SUMIF($C$6:$C$32,$B38,F$6:F$32) -> 0.49043651 | G38: =F38/D38-1 -> -0.042949735 | H38: =F38/E38-1 -> -0.00016879254
B39: Centro-Oeste | D39: =SUMIF($C$6:$C$32,$B39,D$6:D$32) -> 0.070947275 | E39: =SUMIF($C$6:$C$32,$B39,E$6:E$32) -> 0.069525857 | F39: =SUMIF($C$6:$C$32,$B39,F$6:F$32) -> 0.075543574 | G39: =F39/D39-1 -> 0.064784717 | H39: =F39/E39-1 -> 0.086553656
B40: Sudeste | D40: =SUMIF($C$6:$C$32,$B40,D$6:D$32) -> 0.092983793 | E40: =SUMIF($C$6:$C$32,$B40,E$6:E$32) -> 0.10776772 | F40: =SUMIF($C$6:$C$32,$B40,F$6:F$32) -> 0.10262213 | G40: =F40/D40-1 -> 0.10365611 | H40: =F40/E40-1 -> -0.047747038
B41: Sul | D41: =SUMIF($C$6:$C$32,$B41,D$6:D$32) -> 0.060930254 | E41: =SUMIF($C$6:$C$32,$B41,E$6:E$32) -> 0.053236067 | F41: =SUMIF($C$6:$C$32,$B41,F$6:F$32) -> 0.067246047 | G41: =F41/D41-1 -> 0.10365611 | H41: =F41/E41-1 -> 0.26316708
B42: N + NE + CO | D42: =SUM(D37:D39) -> 0.84608595 | E42: =SUM(E37:E39) -> 0.83899621 | F42: =SUM(F37:F39) -> 0.83013182 | G42: =F42/D42-1 -> -0.018856395 | H42: =F42/E42-1 -> -0.010565472
B45: Votos: parlamentares de UFs que não perdem
B46: Casa | D46: UFs que não perdem | E46: Total de parlamentares | F46: Só da situação | G46: Necessário | H46: Atinge só com a situação?
B47: Senado | D47: =COUNTIF($I$6:$I$32,"<>Perde") -> 17 | E47: =SUMIF($I$6:$I$32,"<>Perde",J$6:J$32) -> 51 | F47: =SUMIF($I$6:$I$32,"<>Perde",K$6:K$32) -> 47 | G47: =Q_SEN -> 41 | H47: =IF(F47>=G47,"Sim","Não") -> Sim
B48: Câmara | D48: =COUNTIF($I$6:$I$32,"<>Perde") -> 17 | E48: =SUMIF($I$6:$I$32,"<>Perde",L$6:L$32) -> 345 | F48: =SUMIF($I$6:$I$32,"<>Perde",M$6:M$32) -> 263 | G48: =Q_CAM -> 257 | H48: =IF(F48>=G48,"Sim","Não") -> Sim
B49: Hipótese: cada parlamentar vota pelo interesse do seu estado. Se MDB, PSD e PSDB forem tratados como neutros, a contagem cai para 40 senadores e 214 deputados.
